# data dx dy dz,,,,
3,0,0,0, 
4,1.21E-02,4.50E-05,1.42E-02,
5,-5.24E-03,2.59E-03,-2.76E-03,
6,-6.50E-05,-5.00E-05,2.75E-04,
,,,,
,,,,
Œ´ŽqŠÔ‹——£,dx,dy,dz,d
3,0,0,0,0
4,1.21E-02,4.50E-05,1.42E-02,0.018588919
5,-5.24E-03,2.59E-03,-2.76E-03,0.006455813
6,-6.50E-05,-5.00E-05,2.75E-04,0.000286967